[
{
    "model": "contenttypes.contenttype",
    "fields": {
        "app_label": "admin",
        "model": "logentry"
    }
},
{
    "model": "contenttypes.contenttype",
    "fields": {
        "app_label": "auth",
        "model": "permission"
    }
},
{
    "model": "contenttypes.contenttype",
    "fields": {
        "app_label": "auth",
        "model": "group"
    }
},
{
    "model": "contenttypes.contenttype",
    "fields": {
        "app_label": "auth",
        "model": "user"
    }
},
{
    "model": "contenttypes.contenttype",
    "fields": {
        "app_label": "contenttypes",
        "model": "contenttype"
    }
},
{
    "model": "contenttypes.contenttype",
    "fields": {
        "app_label": "sessions",
        "model": "session"
    }
},
{
    "model": "contenttypes.contenttype",
    "fields": {
        "app_label": "api",
        "model": "user"
    }
},
{
    "model": "contenttypes.contenttype",
    "fields": {
        "app_label": "api",
        "model": "product"
    }
},
{
    "model": "contenttypes.contenttype",
    "fields": {
        "app_label": "authtoken",
        "model": "token"
    }
},
{
    "model": "contenttypes.contenttype",
    "fields": {
        "app_label": "authtoken",
        "model": "tokenproxy"
    }
},
{
    "model": "contenttypes.contenttype",
    "fields": {
        "app_label": "api",
        "model": "orderitem"
    }
},
{
    "model": "contenttypes.contenttype",
    "fields": {
        "app_label": "api",
        "model": "order"
    }
},
{
    "model": "contenttypes.contenttype",
    "fields": {
        "app_label": "api",
        "model": "cartitem"
    }
},
{
    "model": "contenttypes.contenttype",
    "fields": {
        "app_label": "api",
        "model": "cart"
    }
},
{
    "model": "contenttypes.contenttype",
    "fields": {
        "app_label": "accounts",
        "model": "user"
    }
},
{
    "model": "sessions.session",
    "pk": "avn0lbyjpll033ihihmpvp7b94eh0zvi",
    "fields": {
        "session_data": ".eJxVjDsOwjAQRO_iGln-hTiU9JzB2vWucQDZUpxUiLsTSylAmmrem3mLANuaw9Z4CTOJizDi9NshxCeXDugB5V5lrGVdZpRdkQdt8laJX9fD_TvI0PK-VgDKJh5JO57SHgVpsF57onFAN7EjQ4h4Zq28jTGhst5gVxRHB-LzBQggOLQ:1tUkvU:MaZJFGIGeGQCiFQ3-lp1z_eTSK01LQBjcduSLLuakqU",
        "expire_date": "2025-01-20T11:05:40.613Z"
    }
},
{
    "model": "sessions.session",
    "pk": "c7x2ul95igdss31ebyedxw3nxp93zwev",
    "fields": {
        "session_data": ".eJxVjEEOwiAURO_C2pDSEkCX7j0DGf7_2KqBpLSrxrtrky50O--92VTEuoxxbTLHidVFGXX63RLoKWUH_EC5V021LPOU9K7ogzZ9qyyv6-H-HYxo47d2XSACZzs4DxlAFCwyBabOcULuxQvODsg2Wws3MBlik_rUeyQR9f4ALKQ6Kw:1tQgT7:GiyWQ23XV-srKF9ixkzI9nQvBzRShOIo927Z4j_MlWE",
        "expire_date": "2025-01-09T05:31:33.634Z"
    }
},
{
    "model": "sessions.session",
    "pk": "gupdm7ajsa9wkrmng0yh9l3b0m1bi1ik",
    "fields": {
        "session_data": ".eJxVjEEOwiAURO_C2pDSEkCX7j0DGf7_2KqBpLSrxrtrky50O--92VTEuoxxbTLHidVFGXX63RLoKWUH_EC5V021LPOU9K7ogzZ9qyyv6-H-HYxo47d2XSACZzs4DxlAFCwyBabOcULuxQvODsg2Wws3MBlik_rUeyQR9f4ALKQ6Kw:1tUh0r:CRx9jJ8krgWVqP4tM3KN9JFlP7e71KWJvAiYbi9p5yw",
        "expire_date": "2025-01-20T06:54:57.207Z"
    }
},
{
    "model": "api.product",
    "pk": 1,
    "fields": {
        "name": "Air Zoom Pegasus 39",
        "category": "men",
        "price": "9996.00",
        "description": "Lightweight running shoes with responsive cushioning, designed for speed and comfort during long runs.",
        "sizes": [
            "8",
            "9",
            "10",
            "11"
        ],
        "brand": "Nike",
        "stock": 19,
        "trending": false,
        "image": "products/Asics_Gel_1_FXqR8Ha.webp"
    }
},
{
    "model": "api.product",
    "pk": 2,
    "fields": {
        "name": "UltraBoost 22",
        "category": "women",
        "price": "14999.00",
        "description": "High-performance running shoes with Boost technology for energy return and a sleek design for everyday wear",
        "sizes": [
            6,
            7,
            8,
            9
        ],
        "brand": "Adidas",
        "stock": 3,
        "trending": true,
        "image": "products/UltraBoost_22.webp"
    }
},
{
    "model": "api.product",
    "pk": 3,
    "fields": {
        "name": "Classic Slip-On",
        "category": "men",
        "price": "4980.00",
        "description": "Classic Vans slip-on sneakers, perfect for casual wear with a timeless look and comfortable fit",
        "sizes": [
            8,
            9,
            10,
            11
        ],
        "brand": "Vans",
        "stock": 3,
        "trending": false,
        "image": "products/Classic_Slip-On.webp"
    }
},
{
    "model": "api.product",
    "pk": 8,
    "fields": {
        "name": "Chuck Taylor All Star",
        "category": "women",
        "price": "4565.99",
        "description": "Iconic high-top sneakers with a canvas upper, rubber sole, and the unmistakable Converse star logo.",
        "sizes": [
            5,
            6,
            7,
            8,
            9
        ],
        "brand": "Converse",
        "stock": 6,
        "trending": true,
        "image": "products/Chuck_Taylor.jpeg"
    }
},
{
    "model": "api.product",
    "pk": 9,
    "fields": {
        "name": "Kid's Flex Runner",
        "category": "kids",
        "price": "3499.00",
        "description": "Comfortable and flexible running shoes designed for kids on the move, with easy slip-on style",
        "sizes": [
            1,
            2,
            3,
            4,
            5
        ],
        "brand": "Nike",
        "stock": 9,
        "trending": true,
        "image": "products/Kids_Flex.jpeg"
    }
},
{
    "model": "api.product",
    "pk": 10,
    "fields": {
        "name": "Yeezy Boost 350 V2",
        "category": "men",
        "price": "18269.00",
        "description": "The popular Yeezy Boost 350 V2 combines street style with comfort, featuring Primeknit upper and Boost sole",
        "sizes": [
            8,
            9,
            10,
            11,
            12
        ],
        "brand": "Adidas",
        "stock": 12,
        "trending": true,
        "image": "products/Yeezy_Boost.jpeg"
    }
},
{
    "model": "api.product",
    "pk": 11,
    "fields": {
        "name": "Gel-Kayano 27",
        "category": "women",
        "price": "13289.00",
        "description": "Stability running shoes with Gel cushioning for support and comfort on long-distance runs",
        "sizes": [
            6,
            7,
            8,
            9,
            10
        ],
        "brand": "Asics",
        "stock": 20,
        "trending": false,
        "image": "products/Gel-Kayano.jpeg"
    }
},
{
    "model": "api.product",
    "pk": 12,
    "fields": {
        "name": "Kid's Superstar",
        "category": "kids",
        "price": "4999.00",
        "description": "Classic Adidas Superstar sneakers for kids, with a durable shell toe and the signature three stripes",
        "sizes": [
            1,
            2,
            3,
            4,
            5
        ],
        "brand": "Adidas",
        "stock": 14,
        "trending": false,
        "image": "products/Kids_Superstar.jpeg"
    }
},
{
    "model": "api.product",
    "pk": 13,
    "fields": {
        "name": "Jordan 1 Retro High",
        "category": "men",
        "price": "2599.00",
        "description": "Iconic basketball shoes featuring premium leather and Air cushioning for comfort and style.",
        "sizes": [
            "8",
            "9",
            "10",
            "11",
            "12"
        ],
        "brand": "Jordan",
        "stock": 30,
        "trending": true,
        "image": "products/Jordan_1.jpeg"
    }
},
{
    "model": "api.product",
    "pk": 14,
    "fields": {
        "name": "New Shoe",
        "category": "kids",
        "price": "1599.00",
        "description": "Comfortable shoes for toddlers.",
        "sizes": [
            1,
            2,
            3
        ],
        "brand": "Crocs",
        "stock": 25,
        "trending": false,
        "image": "products/Asics_Gel_LMMq03x.webp"
    }
},
{
    "model": "api.product",
    "pk": 15,
    "fields": {
        "name": "New Shoe 2",
        "category": "men",
        "price": "5599.00",
        "description": "Exclusive designer shoes.",
        "sizes": [
            8,
            9,
            10
        ],
        "brand": "Gucci",
        "stock": 5,
        "trending": true,
        "image": "products/Adidas_NMD.jpeg"
    }
},
{
    "model": "api.product",
    "pk": 16,
    "fields": {
        "name": "Product 12",
        "category": "women",
        "price": "3299.00",
        "description": "Elegant party wear heels.",
        "sizes": [
            6,
            7,
            8
        ],
        "brand": "Louis Vuitton",
        "stock": 5,
        "trending": true,
        "image": ""
    }
},
{
    "model": "api.product",
    "pk": 17,
    "fields": {
        "name": "Product 13",
        "category": "kids",
        "price": "2499.00",
        "description": "Sporty shoes for school.",
        "sizes": [
            2,
            3,
            4,
            5
        ],
        "brand": "Adidas Kids",
        "stock": 20,
        "trending": true,
        "image": ""
    }
},
{
    "model": "api.product",
    "pk": 18,
    "fields": {
        "name": "Product 14",
        "category": "men",
        "price": "2799.00",
        "description": "Breathable running shoes.",
        "sizes": [
            7,
            8,
            9,
            10
        ],
        "brand": "Asics",
        "stock": 18,
        "trending": false,
        "image": ""
    }
},
{
    "model": "api.product",
    "pk": 19,
    "fields": {
        "name": "Product 15",
        "category": "women",
        "price": "2899.00",
        "description": "Stylish boots for winters.",
        "sizes": [
            6,
            7,
            8
        ],
        "brand": "Hush Puppies",
        "stock": 22,
        "trending": true,
        "image": ""
    }
},
{
    "model": "api.product",
    "pk": 20,
    "fields": {
        "name": "Product 16",
        "category": "kids",
        "price": "1499.00",
        "description": "Flip-flops with fun designs.",
        "sizes": [
            2,
            3,
            4
        ],
        "brand": "Disney",
        "stock": 40,
        "trending": false,
        "image": ""
    }
},
{
    "model": "api.product",
    "pk": 21,
    "fields": {
        "name": "Product 17",
        "category": "men",
        "price": "3599.00",
        "description": "Casual loafers.",
        "sizes": [
            7,
            8,
            9
        ],
        "brand": "Sperry",
        "stock": 12,
        "trending": false,
        "image": ""
    }
},
{
    "model": "api.product",
    "pk": 22,
    "fields": {
        "name": "Product 18",
        "category": "women",
        "price": "3199.00",
        "description": "Trendy sneakers.",
        "sizes": [
            5,
            6,
            7,
            8
        ],
        "brand": "Fila",
        "stock": 25,
        "trending": true,
        "image": ""
    }
},
{
    "model": "api.product",
    "pk": 23,
    "fields": {
        "name": "Product 19",
        "category": "kids",
        "price": "2199.00",
        "description": "Stylish casual wear shoes.",
        "sizes": [
            3,
            4,
            5
        ],
        "brand": "Clarks Kids",
        "stock": 30,
        "trending": true,
        "image": ""
    }
},
{
    "model": "api.product",
    "pk": 24,
    "fields": {
        "name": "Product 20",
        "category": "men",
        "price": "3999.00",
        "description": "Durable hiking boots for outdoor adventures.",
        "sizes": [
            8,
            9,
            10,
            11
        ],
        "brand": "Timberland",
        "stock": 15,
        "trending": false,
        "image": ""
    }
},
{
    "model": "api.cartitem",
    "pk": 5,
    "fields": {
        "cart": 2,
        "product": 16,
        "quantity": 4,
        "size": ""
    }
},
{
    "model": "api.cartitem",
    "pk": 6,
    "fields": {
        "cart": 2,
        "product": 1,
        "quantity": 7,
        "size": "5"
    }
},
{
    "model": "api.cartitem",
    "pk": 7,
    "fields": {
        "cart": 2,
        "product": 2,
        "quantity": 10,
        "size": "5"
    }
},
{
    "model": "api.cartitem",
    "pk": 8,
    "fields": {
        "cart": 2,
        "product": 18,
        "quantity": 1,
        "size": "9"
    }
},
{
    "model": "api.cartitem",
    "pk": 9,
    "fields": {
        "cart": 2,
        "product": 24,
        "quantity": 3,
        "size": "10"
    }
},
{
    "model": "api.cartitem",
    "pk": 10,
    "fields": {
        "cart": 2,
        "product": 3,
        "quantity": 1,
        "size": "4"
    }
},
{
    "model": "api.cartitem",
    "pk": 11,
    "fields": {
        "cart": 2,
        "product": 13,
        "quantity": 5,
        "size": "6"
    }
},
{
    "model": "api.cartitem",
    "pk": 12,
    "fields": {
        "cart": 3,
        "product": 1,
        "quantity": 4,
        "size": "7"
    }
},
{
    "model": "api.cartitem",
    "pk": 19,
    "fields": {
        "cart": 2,
        "product": 15,
        "quantity": 4,
        "size": "9"
    }
},
{
    "model": "api.cartitem",
    "pk": 20,
    "fields": {
        "cart": 2,
        "product": 1,
        "quantity": 11,
        "size": "8"
    }
},
{
    "model": "api.orderitem",
    "pk": 12,
    "fields": {
        "order": "6c0cd003-4217-4dcb-bf26-f90a981d61a9",
        "product": 2,
        "quantity": 1,
        "is_cancelled": false
    }
},
{
    "model": "api.orderitem",
    "pk": 13,
    "fields": {
        "order": "6c0cd003-4217-4dcb-bf26-f90a981d61a9",
        "product": 3,
        "quantity": 1,
        "is_cancelled": false
    }
},
{
    "model": "api.orderitem",
    "pk": 14,
    "fields": {
        "order": "74dcfb2b-7f19-429f-8cd3-c39f485191e3",
        "product": 2,
        "quantity": 1,
        "is_cancelled": false
    }
},
{
    "model": "api.orderitem",
    "pk": 15,
    "fields": {
        "order": "74dcfb2b-7f19-429f-8cd3-c39f485191e3",
        "product": 1,
        "quantity": 1,
        "is_cancelled": false
    }
},
{
    "model": "api.orderitem",
    "pk": 16,
    "fields": {
        "order": "01637314-0c7e-4194-939d-aeb1bb540af3",
        "product": 2,
        "quantity": 3,
        "is_cancelled": false
    }
},
{
    "model": "api.orderitem",
    "pk": 17,
    "fields": {
        "order": "4304416a-b7ad-462a-8f24-6672c49576dd",
        "product": 8,
        "quantity": 2,
        "is_cancelled": false
    }
},
{
    "model": "api.orderitem",
    "pk": 18,
    "fields": {
        "order": "7b648613-20a5-4ca8-94f8-69f5e57f24c9",
        "product": 1,
        "quantity": 3,
        "is_cancelled": false
    }
},
{
    "model": "api.orderitem",
    "pk": 19,
    "fields": {
        "order": "e83488ec-8ab1-4a66-b730-0eaf8c5778c2",
        "product": 10,
        "quantity": 2,
        "is_cancelled": false
    }
},
{
    "model": "api.orderitem",
    "pk": 20,
    "fields": {
        "order": "6905eb78-549e-4210-84a3-722ca2c9be02",
        "product": 12,
        "quantity": 1,
        "is_cancelled": false
    }
},
{
    "model": "api.orderitem",
    "pk": 21,
    "fields": {
        "order": "fc4d69a4-1a5f-4ec0-b4c0-5b47863d6c49",
        "product": 8,
        "quantity": 1,
        "is_cancelled": false
    }
},
{
    "model": "api.orderitem",
    "pk": 22,
    "fields": {
        "order": "658a1d1c-b4e9-4c12-9ecb-38405fe21d10",
        "product": 3,
        "quantity": 2,
        "is_cancelled": false
    }
},
{
    "model": "api.orderitem",
    "pk": 23,
    "fields": {
        "order": "3b3ab063-24c5-4691-9aba-54243893dfd1",
        "product": 10,
        "quantity": 1,
        "is_cancelled": false
    }
},
{
    "model": "api.orderitem",
    "pk": 24,
    "fields": {
        "order": "92a60ee7-3c40-4d9c-b1ad-06354789be21",
        "product": 9,
        "quantity": 3,
        "is_cancelled": false
    }
},
{
    "model": "api.orderitem",
    "pk": 25,
    "fields": {
        "order": "bb2c390c-557c-405f-9676-d5f9a08bf58d",
        "product": 8,
        "quantity": 1,
        "is_cancelled": false
    }
},
{
    "model": "api.orderitem",
    "pk": 26,
    "fields": {
        "order": "32c1cdee-678f-4e86-84ca-5d6053524d7d",
        "product": 9,
        "quantity": 3,
        "is_cancelled": false
    }
},
{
    "model": "api.orderitem",
    "pk": 27,
    "fields": {
        "order": "9dd55b38-1ce8-4394-8a30-370e2836cdfe",
        "product": 1,
        "quantity": 1,
        "is_cancelled": false
    }
},
{
    "model": "api.orderitem",
    "pk": 28,
    "fields": {
        "order": "4c51037d-d814-45bf-8ffa-9b04bf87f4a8",
        "product": 2,
        "quantity": 1,
        "is_cancelled": false
    }
},
{
    "model": "api.orderitem",
    "pk": 29,
    "fields": {
        "order": "c49a9038-3d54-4f38-b7a7-7f007b7e192b",
        "product": 3,
        "quantity": 2,
        "is_cancelled": false
    }
},
{
    "model": "api.orderitem",
    "pk": 30,
    "fields": {
        "order": "3c14c950-cc54-4d80-94bd-b694db211c94",
        "product": 2,
        "quantity": 4,
        "is_cancelled": false
    }
},
{
    "model": "api.orderitem",
    "pk": 31,
    "fields": {
        "order": "3c14c950-cc54-4d80-94bd-b694db211c94",
        "product": 2,
        "quantity": 1,
        "is_cancelled": false
    }
},
{
    "model": "api.orderitem",
    "pk": 32,
    "fields": {
        "order": "3adb4fb7-20ce-42ad-8d7e-fb6d8b34d67d",
        "product": 2,
        "quantity": 2,
        "is_cancelled": false
    }
},
{
    "model": "api.orderitem",
    "pk": 33,
    "fields": {
        "order": "3adb4fb7-20ce-42ad-8d7e-fb6d8b34d67d",
        "product": 3,
        "quantity": 1,
        "is_cancelled": false
    }
},
{
    "model": "auth.permission",
    "fields": {
        "name": "Can add log entry",
        "content_type": [
            "admin",
            "logentry"
        ],
        "codename": "add_logentry"
    }
},
{
    "model": "auth.permission",
    "fields": {
        "name": "Can change log entry",
        "content_type": [
            "admin",
            "logentry"
        ],
        "codename": "change_logentry"
    }
},
{
    "model": "auth.permission",
    "fields": {
        "name": "Can delete log entry",
        "content_type": [
            "admin",
            "logentry"
        ],
        "codename": "delete_logentry"
    }
},
{
    "model": "auth.permission",
    "fields": {
        "name": "Can view log entry",
        "content_type": [
            "admin",
            "logentry"
        ],
        "codename": "view_logentry"
    }
},
{
    "model": "auth.permission",
    "fields": {
        "name": "Can add permission",
        "content_type": [
            "auth",
            "permission"
        ],
        "codename": "add_permission"
    }
},
{
    "model": "auth.permission",
    "fields": {
        "name": "Can change permission",
        "content_type": [
            "auth",
            "permission"
        ],
        "codename": "change_permission"
    }
},
{
    "model": "auth.permission",
    "fields": {
        "name": "Can delete permission",
        "content_type": [
            "auth",
            "permission"
        ],
        "codename": "delete_permission"
    }
},
{
    "model": "auth.permission",
    "fields": {
        "name": "Can view permission",
        "content_type": [
            "auth",
            "permission"
        ],
        "codename": "view_permission"
    }
},
{
    "model": "auth.permission",
    "fields": {
        "name": "Can add group",
        "content_type": [
            "auth",
            "group"
        ],
        "codename": "add_group"
    }
},
{
    "model": "auth.permission",
    "fields": {
        "name": "Can change group",
        "content_type": [
            "auth",
            "group"
        ],
        "codename": "change_group"
    }
},
{
    "model": "auth.permission",
    "fields": {
        "name": "Can delete group",
        "content_type": [
            "auth",
            "group"
        ],
        "codename": "delete_group"
    }
},
{
    "model": "auth.permission",
    "fields": {
        "name": "Can view group",
        "content_type": [
            "auth",
            "group"
        ],
        "codename": "view_group"
    }
},
{
    "model": "auth.permission",
    "fields": {
        "name": "Can add user",
        "content_type": [
            "auth",
            "user"
        ],
        "codename": "add_user"
    }
},
{
    "model": "auth.permission",
    "fields": {
        "name": "Can change user",
        "content_type": [
            "auth",
            "user"
        ],
        "codename": "change_user"
    }
},
{
    "model": "auth.permission",
    "fields": {
        "name": "Can delete user",
        "content_type": [
            "auth",
            "user"
        ],
        "codename": "delete_user"
    }
},
{
    "model": "auth.permission",
    "fields": {
        "name": "Can view user",
        "content_type": [
            "auth",
            "user"
        ],
        "codename": "view_user"
    }
},
{
    "model": "auth.permission",
    "fields": {
        "name": "Can add content type",
        "content_type": [
            "contenttypes",
            "contenttype"
        ],
        "codename": "add_contenttype"
    }
},
{
    "model": "auth.permission",
    "fields": {
        "name": "Can change content type",
        "content_type": [
            "contenttypes",
            "contenttype"
        ],
        "codename": "change_contenttype"
    }
},
{
    "model": "auth.permission",
    "fields": {
        "name": "Can delete content type",
        "content_type": [
            "contenttypes",
            "contenttype"
        ],
        "codename": "delete_contenttype"
    }
},
{
    "model": "auth.permission",
    "fields": {
        "name": "Can view content type",
        "content_type": [
            "contenttypes",
            "contenttype"
        ],
        "codename": "view_contenttype"
    }
},
{
    "model": "auth.permission",
    "fields": {
        "name": "Can add session",
        "content_type": [
            "sessions",
            "session"
        ],
        "codename": "add_session"
    }
},
{
    "model": "auth.permission",
    "fields": {
        "name": "Can change session",
        "content_type": [
            "sessions",
            "session"
        ],
        "codename": "change_session"
    }
},
{
    "model": "auth.permission",
    "fields": {
        "name": "Can delete session",
        "content_type": [
            "sessions",
            "session"
        ],
        "codename": "delete_session"
    }
},
{
    "model": "auth.permission",
    "fields": {
        "name": "Can view session",
        "content_type": [
            "sessions",
            "session"
        ],
        "codename": "view_session"
    }
},
{
    "model": "auth.permission",
    "fields": {
        "name": "Can add user",
        "content_type": [
            "api",
            "user"
        ],
        "codename": "add_user"
    }
},
{
    "model": "auth.permission",
    "fields": {
        "name": "Can change user",
        "content_type": [
            "api",
            "user"
        ],
        "codename": "change_user"
    }
},
{
    "model": "auth.permission",
    "fields": {
        "name": "Can delete user",
        "content_type": [
            "api",
            "user"
        ],
        "codename": "delete_user"
    }
},
{
    "model": "auth.permission",
    "fields": {
        "name": "Can view user",
        "content_type": [
            "api",
            "user"
        ],
        "codename": "view_user"
    }
},
{
    "model": "auth.permission",
    "fields": {
        "name": "Can add product",
        "content_type": [
            "api",
            "product"
        ],
        "codename": "add_product"
    }
},
{
    "model": "auth.permission",
    "fields": {
        "name": "Can change product",
        "content_type": [
            "api",
            "product"
        ],
        "codename": "change_product"
    }
},
{
    "model": "auth.permission",
    "fields": {
        "name": "Can delete product",
        "content_type": [
            "api",
            "product"
        ],
        "codename": "delete_product"
    }
},
{
    "model": "auth.permission",
    "fields": {
        "name": "Can view product",
        "content_type": [
            "api",
            "product"
        ],
        "codename": "view_product"
    }
},
{
    "model": "auth.permission",
    "fields": {
        "name": "Can add Token",
        "content_type": [
            "authtoken",
            "token"
        ],
        "codename": "add_token"
    }
},
{
    "model": "auth.permission",
    "fields": {
        "name": "Can change Token",
        "content_type": [
            "authtoken",
            "token"
        ],
        "codename": "change_token"
    }
},
{
    "model": "auth.permission",
    "fields": {
        "name": "Can delete Token",
        "content_type": [
            "authtoken",
            "token"
        ],
        "codename": "delete_token"
    }
},
{
    "model": "auth.permission",
    "fields": {
        "name": "Can view Token",
        "content_type": [
            "authtoken",
            "token"
        ],
        "codename": "view_token"
    }
},
{
    "model": "auth.permission",
    "fields": {
        "name": "Can add Token",
        "content_type": [
            "authtoken",
            "tokenproxy"
        ],
        "codename": "add_tokenproxy"
    }
},
{
    "model": "auth.permission",
    "fields": {
        "name": "Can change Token",
        "content_type": [
            "authtoken",
            "tokenproxy"
        ],
        "codename": "change_tokenproxy"
    }
},
{
    "model": "auth.permission",
    "fields": {
        "name": "Can delete Token",
        "content_type": [
            "authtoken",
            "tokenproxy"
        ],
        "codename": "delete_tokenproxy"
    }
},
{
    "model": "auth.permission",
    "fields": {
        "name": "Can view Token",
        "content_type": [
            "authtoken",
            "tokenproxy"
        ],
        "codename": "view_tokenproxy"
    }
},
{
    "model": "auth.permission",
    "fields": {
        "name": "Can add order item",
        "content_type": [
            "api",
            "orderitem"
        ],
        "codename": "add_orderitem"
    }
},
{
    "model": "auth.permission",
    "fields": {
        "name": "Can change order item",
        "content_type": [
            "api",
            "orderitem"
        ],
        "codename": "change_orderitem"
    }
},
{
    "model": "auth.permission",
    "fields": {
        "name": "Can delete order item",
        "content_type": [
            "api",
            "orderitem"
        ],
        "codename": "delete_orderitem"
    }
},
{
    "model": "auth.permission",
    "fields": {
        "name": "Can view order item",
        "content_type": [
            "api",
            "orderitem"
        ],
        "codename": "view_orderitem"
    }
},
{
    "model": "auth.permission",
    "fields": {
        "name": "Can add order",
        "content_type": [
            "api",
            "order"
        ],
        "codename": "add_order"
    }
},
{
    "model": "auth.permission",
    "fields": {
        "name": "Can change order",
        "content_type": [
            "api",
            "order"
        ],
        "codename": "change_order"
    }
},
{
    "model": "auth.permission",
    "fields": {
        "name": "Can delete order",
        "content_type": [
            "api",
            "order"
        ],
        "codename": "delete_order"
    }
},
{
    "model": "auth.permission",
    "fields": {
        "name": "Can view order",
        "content_type": [
            "api",
            "order"
        ],
        "codename": "view_order"
    }
},
{
    "model": "auth.permission",
    "fields": {
        "name": "Can add cart item",
        "content_type": [
            "api",
            "cartitem"
        ],
        "codename": "add_cartitem"
    }
},
{
    "model": "auth.permission",
    "fields": {
        "name": "Can change cart item",
        "content_type": [
            "api",
            "cartitem"
        ],
        "codename": "change_cartitem"
    }
},
{
    "model": "auth.permission",
    "fields": {
        "name": "Can delete cart item",
        "content_type": [
            "api",
            "cartitem"
        ],
        "codename": "delete_cartitem"
    }
},
{
    "model": "auth.permission",
    "fields": {
        "name": "Can view cart item",
        "content_type": [
            "api",
            "cartitem"
        ],
        "codename": "view_cartitem"
    }
},
{
    "model": "auth.permission",
    "fields": {
        "name": "Can add cart",
        "content_type": [
            "api",
            "cart"
        ],
        "codename": "add_cart"
    }
},
{
    "model": "auth.permission",
    "fields": {
        "name": "Can change cart",
        "content_type": [
            "api",
            "cart"
        ],
        "codename": "change_cart"
    }
},
{
    "model": "auth.permission",
    "fields": {
        "name": "Can delete cart",
        "content_type": [
            "api",
            "cart"
        ],
        "codename": "delete_cart"
    }
},
{
    "model": "auth.permission",
    "fields": {
        "name": "Can view cart",
        "content_type": [
            "api",
            "cart"
        ],
        "codename": "view_cart"
    }
},
{
    "model": "auth.permission",
    "fields": {
        "name": "Can add user",
        "content_type": [
            "accounts",
            "user"
        ],
        "codename": "add_user"
    }
},
{
    "model": "auth.permission",
    "fields": {
        "name": "Can change user",
        "content_type": [
            "accounts",
            "user"
        ],
        "codename": "change_user"
    }
},
{
    "model": "auth.permission",
    "fields": {
        "name": "Can delete user",
        "content_type": [
            "accounts",
            "user"
        ],
        "codename": "delete_user"
    }
},
{
    "model": "auth.permission",
    "fields": {
        "name": "Can view user",
        "content_type": [
            "accounts",
            "user"
        ],
        "codename": "view_user"
    }
},
{
    "model": "api.user",
    "fields": {
        "password": "pbkdf2_sha256$870000$96QTqKmznqfepbrmXh8S1R$oZV1qbL/Z46S64HS/dMv1LBqwWAo32iV6F+hJNZQ5Cw=",
        "last_login": "2025-01-10T10:48:20.166Z",
        "is_superuser": true,
        "first_name": "",
        "last_name": "",
        "email": "solestyle@gmail.com",
        "is_staff": true,
        "is_active": true,
        "date_joined": "2024-12-26T05:30:56.095Z",
        "mobile_number": "",
        "is_blocked": false,
        "username": "solestyle",
        "groups": [],
        "user_permissions": []
    }
},
{
    "model": "api.user",
    "fields": {
        "password": "pbkdf2_sha256$870000$I08dAKRjSC7mP5ra1aqByo$yRXnLXwHwmXhCkGaKF6vpTkGnK03s6L04coV0bmvoJY=",
        "last_login": "2025-01-08T05:02:51.772Z",
        "is_superuser": false,
        "first_name": "Test",
        "last_name": "One",
        "email": "test1@gmail.com",
        "is_staff": false,
        "is_active": true,
        "date_joined": "2024-12-26T05:36:41.442Z",
        "mobile_number": "1234567890",
        "is_blocked": true,
        "username": "tset1",
        "groups": [],
        "user_permissions": []
    }
},
{
    "model": "api.user",
    "fields": {
        "password": "pbkdf2_sha256$870000$6BUkNm8SvjFOHrNVGRatK0$EGul3l33ayn7ID1hF8otJ9ToNg6q41RBtYqYhdJjW7E=",
        "last_login": "2025-01-10T10:48:01.468Z",
        "is_superuser": false,
        "first_name": "Test",
        "last_name": "Two",
        "email": "test2@gmail.com",
        "is_staff": false,
        "is_active": true,
        "date_joined": "2024-12-27T10:45:17.126Z",
        "mobile_number": "1234512345",
        "is_blocked": false,
        "username": "test2",
        "groups": [],
        "user_permissions": []
    }
},
{
    "model": "api.user",
    "fields": {
        "password": "pbkdf2_sha256$870000$oRVVgmwnVDBx7QNaPPUJmM$atyXYACR+Jpmsgtx4eevZ/z90jHK/MqMA28lGqjOkY4=",
        "last_login": "2025-01-02T04:46:50.711Z",
        "is_superuser": false,
        "first_name": "",
        "last_name": "",
        "email": "test3@gmail.com",
        "is_staff": false,
        "is_active": true,
        "date_joined": "2024-12-27T10:51:48.026Z",
        "mobile_number": "1234123412",
        "is_blocked": false,
        "username": "test3",
        "groups": [],
        "user_permissions": []
    }
},
{
    "model": "api.user",
    "fields": {
        "password": "pbkdf2_sha256$870000$4NRLSCHBV0Y0R7mkZZaqTy$FejFPH7l0YQHu+fbWjw2YniBYlELA4zSiQ0yBJoGXIY=",
        "last_login": "2024-12-30T13:18:17.708Z",
        "is_superuser": false,
        "first_name": "",
        "last_name": "",
        "email": "test4@gmail.com",
        "is_staff": false,
        "is_active": true,
        "date_joined": "2024-12-27T10:52:26.310Z",
        "mobile_number": "1212121212",
        "is_blocked": false,
        "username": "test4",
        "groups": [],
        "user_permissions": []
    }
},
{
    "model": "api.user",
    "fields": {
        "password": "pbkdf2_sha256$870000$QinXphEBfBkH9HVrxooc5x$jc1p5YnaFoW/c4vGWJhY3Vae+Xoibt6T+PXS6nrbDt8=",
        "last_login": null,
        "is_superuser": false,
        "first_name": "",
        "last_name": "",
        "email": "test5@gmail.com",
        "is_staff": false,
        "is_active": true,
        "date_joined": "2024-12-27T10:57:10.326Z",
        "mobile_number": "1212121213",
        "is_blocked": false,
        "username": "test5",
        "groups": [],
        "user_permissions": []
    }
},
{
    "model": "api.user",
    "fields": {
        "password": "pbkdf2_sha256$870000$Hcq64Ns7tieUpo4y7sjhFp$5ZedKIloPTtIsX+Nw2LDdeaDuOLsWp9wgZiIOt4CU58=",
        "last_login": null,
        "is_superuser": false,
        "first_name": "Test",
        "last_name": "Six",
        "email": "test6@gmail.com",
        "is_staff": false,
        "is_active": true,
        "date_joined": "2024-12-27T11:00:58.771Z",
        "mobile_number": "1231231231",
        "is_blocked": false,
        "username": "test6",
        "groups": [],
        "user_permissions": []
    }
},
{
    "model": "api.user",
    "fields": {
        "password": "pbkdf2_sha256$870000$apXNq4RYUzaT4rVLztz3Dh$2h1BdhTLYd3k+PQUhUJ5dUfzZnylx9UYqU2gSGTsUuM=",
        "last_login": "2025-01-01T05:26:21.355Z",
        "is_superuser": false,
        "first_name": "John",
        "last_name": "Doe",
        "email": "johndoe@gmail.com",
        "is_staff": false,
        "is_active": true,
        "date_joined": "2024-12-31T17:13:41.093Z",
        "mobile_number": "12345098765",
        "is_blocked": false,
        "username": "john_doe",
        "groups": [],
        "user_permissions": []
    }
},
{
    "model": "api.user",
    "fields": {
        "password": "pbkdf2_sha256$870000$fGvwXYI0g6SVb9ZlNaDZ97$o9+vO/i2fTBwOC0Zpd0i0buZ0bd0jMO6b/BSJCeLT9I=",
        "last_login": null,
        "is_superuser": false,
        "first_name": "NOdef",
        "last_name": "Function",
        "email": "nodeffunction@gmail.com",
        "is_staff": false,
        "is_active": true,
        "date_joined": "2025-01-02T05:24:33.359Z",
        "mobile_number": "1234567806",
        "is_blocked": false,
        "username": "nodeffunction",
        "groups": [],
        "user_permissions": []
    }
},
{
    "model": "api.user",
    "fields": {
        "password": "pbkdf2_sha256$870000$5RBpgKyE4sUPw48xoIsJf3$8dZY2fYX/uDspnEi4TIu96O2pZTtmi5NC2pUqrUkbu0=",
        "last_login": null,
        "is_superuser": false,
        "first_name": "check",
        "last_name": "one",
        "email": "checkone@gmail.com",
        "is_staff": false,
        "is_active": true,
        "date_joined": "2025-01-04T05:12:10.798Z",
        "mobile_number": "0987123465",
        "is_blocked": false,
        "username": "check1",
        "groups": [],
        "user_permissions": []
    }
},
{
    "model": "api.user",
    "fields": {
        "password": "pbkdf2_sha256$870000$vXehlyDWZxgEhPP7KQ2uvN$44G1gWneJMeld/4KaGaZzEhO+01b1aW7vxXKJEtAuXA=",
        "last_login": null,
        "is_superuser": false,
        "first_name": "check",
        "last_name": "two",
        "email": "checkone1@gmail.com",
        "is_staff": false,
        "is_active": true,
        "date_joined": "2025-01-04T05:28:07.138Z",
        "mobile_number": "1234567897",
        "is_blocked": false,
        "username": "check2",
        "groups": [],
        "user_permissions": []
    }
},
{
    "model": "api.user",
    "fields": {
        "password": "pbkdf2_sha256$870000$SYnh4RQlCUP7XCbRftg4uU$dADStoNqCAMCVWf5pjHDuH3ZHfmafMHEYBfx4/CQXnU=",
        "last_login": null,
        "is_superuser": false,
        "first_name": "check",
        "last_name": "one",
        "email": "checkone@gmail.com",
        "is_staff": false,
        "is_active": true,
        "date_joined": "2025-01-04T07:03:00.507Z",
        "mobile_number": "123456789",
        "is_blocked": false,
        "username": "check12",
        "groups": [],
        "user_permissions": []
    }
},
{
    "model": "api.user",
    "fields": {
        "password": "pbkdf2_sha256$870000$NwDHUYRwaocA3ZCuiuNerO$oZBHC/okqA6Mz8A6/oI24yZry6qAL7rDSIGLSNneckU=",
        "last_login": null,
        "is_superuser": false,
        "first_name": "Check",
        "last_name": "Three",
        "email": "checkone@gmail.com",
        "is_staff": false,
        "is_active": true,
        "date_joined": "2025-01-04T07:03:35.622Z",
        "mobile_number": "0987654320",
        "is_blocked": false,
        "username": "check3",
        "groups": [],
        "user_permissions": []
    }
},
{
    "model": "api.user",
    "fields": {
        "password": "pbkdf2_sha256$870000$PqMPlxavaSsoz0WTdop8Qs$EEiGp+qUCQLSgR+3gk49cHPm7dHakRi30aNOb7DcWnE=",
        "last_login": null,
        "is_superuser": false,
        "first_name": "check",
        "last_name": "four",
        "email": "checkone@gmail.com",
        "is_staff": false,
        "is_active": true,
        "date_joined": "2025-01-04T07:04:51.895Z",
        "mobile_number": "7890345120",
        "is_blocked": false,
        "username": "check4",
        "groups": [],
        "user_permissions": []
    }
},
{
    "model": "api.user",
    "fields": {
        "password": "pbkdf2_sha256$870000$zoHkIp895vXJGQaijTlekn$hP4i01mRP7XjbGH3mp9gfZtxF+QdNMjBq/AGSUGYcJw=",
        "last_login": null,
        "is_superuser": false,
        "first_name": "Dev",
        "last_name": "One",
        "email": "dev1@gmail.com",
        "is_staff": false,
        "is_active": true,
        "date_joined": "2025-01-11T04:18:18.805Z",
        "mobile_number": "1290347856",
        "is_blocked": false,
        "username": "dev1",
        "groups": [],
        "user_permissions": []
    }
},
{
    "model": "api.user",
    "fields": {
        "password": "pbkdf2_sha256$870000$rDugKJyzkSbOGHmcNI3qON$puOClhYKYWImSc6skU2hcyF5Z0XDKavOflb+lz9bk1E=",
        "last_login": null,
        "is_superuser": false,
        "first_name": "Dev",
        "last_name": "Two",
        "email": "dev2@gmail.com",
        "is_staff": false,
        "is_active": true,
        "date_joined": "2025-01-11T10:16:30.571Z",
        "mobile_number": "1234567834",
        "is_blocked": false,
        "username": "dev",
        "groups": [],
        "user_permissions": []
    }
},
{
    "model": "api.user",
    "fields": {
        "password": "pbkdf2_sha256$870000$Q3TTuDsrsw0pRs2YAjIkp3$4aqdQUeksQW4PTkx/3HhSxs9nyLGmaRjBrQo9T+01IQ=",
        "last_login": null,
        "is_superuser": false,
        "first_name": "Dev",
        "last_name": "Three",
        "email": "dev3@gmail.com",
        "is_staff": false,
        "is_active": true,
        "date_joined": "2025-01-13T08:38:57.205Z",
        "mobile_number": "6745123890",
        "is_blocked": false,
        "username": "dev3",
        "groups": [],
        "user_permissions": []
    }
},
{
    "model": "api.cart",
    "pk": 1,
    "fields": {
        "user": [
            "test2"
        ],
        "created_at": "2024-12-30T06:46:49.855Z",
        "updated_at": "2024-12-30T06:46:49.855Z"
    }
},
{
    "model": "api.cart",
    "pk": 2,
    "fields": {
        "user": [
            "test3"
        ],
        "created_at": "2024-12-30T10:53:21.611Z",
        "updated_at": "2024-12-30T10:53:21.611Z"
    }
},
{
    "model": "api.cart",
    "pk": 3,
    "fields": {
        "user": [
            "test4"
        ],
        "created_at": "2024-12-30T13:18:40.847Z",
        "updated_at": "2024-12-30T13:18:40.847Z"
    }
},
{
    "model": "api.cart",
    "pk": 4,
    "fields": {
        "user": [
            "tset1"
        ],
        "created_at": "2025-01-06T08:43:26.607Z",
        "updated_at": "2025-01-06T08:43:26.607Z"
    }
},
{
    "model": "api.cart",
    "pk": 5,
    "fields": {
        "user": [
            "dev1"
        ],
        "created_at": "2025-01-11T06:01:57.685Z",
        "updated_at": "2025-01-11T06:01:57.685Z"
    }
},
{
    "model": "api.cart",
    "pk": 6,
    "fields": {
        "user": [
            "dev3"
        ],
        "created_at": "2025-01-13T08:39:48.723Z",
        "updated_at": "2025-01-13T08:39:48.723Z"
    }
},
{
    "model": "api.order",
    "pk": "01637314-0c7e-4194-939d-aeb1bb540af3",
    "fields": {
        "user": [
            "test2"
        ],
        "created_at": "2025-01-08T16:48:57.748Z",
        "status": "pending",
        "address": {
            "phone": "9072827658",
            "street_address": "Pilakkoth House, Manakkadave, Pantheerankave P O",
            "pincode": "673019",
            "city": "Kozhikode",
            "state": "Kerala",
            "country": "India"
        },
        "payment_id": "order_Ph1LpQnHPZdVbq"
    }
},
{
    "model": "api.order",
    "pk": "32c1cdee-678f-4e86-84ca-5d6053524d7d",
    "fields": {
        "user": [
            "test2"
        ],
        "created_at": "2025-01-09T10:22:54.484Z",
        "status": "pending",
        "address": {
            "phone": "9072827658",
            "street_address": "Pilakkoth House, Manakkadave, Pantheerankave P O",
            "pincode": "673019",
            "city": "Kozhikode",
            "state": "Kerala",
            "country": "India"
        },
        "payment_id": "order_PhJIwr0LBuUXZW"
    }
},
{
    "model": "api.order",
    "pk": "3adb4fb7-20ce-42ad-8d7e-fb6d8b34d67d",
    "fields": {
        "user": [
            "dev3"
        ],
        "created_at": "2025-01-13T08:41:06.750Z",
        "status": "pending",
        "address": {
            "phone": "9072827658",
            "street_address": "Pilakkoth House, Manakkadave, Pantheerankave P O",
            "pincode": "673019",
            "city": "Kozhikode",
            "state": "Kerala",
            "country": "India"
        },
        "payment_id": "order_Pirhx6QFW6vTZ0"
    }
},
{
    "model": "api.order",
    "pk": "3b3ab063-24c5-4691-9aba-54243893dfd1",
    "fields": {
        "user": [
            "test2"
        ],
        "created_at": "2025-01-09T10:14:29.908Z",
        "status": "paid",
        "address": {
            "phone": "9072827658",
            "street_address": "Pilakkoth House, Manakkadave, Pantheerankave P O",
            "pincode": "673019",
            "city": "Kozhikode",
            "state": "Kerala",
            "country": "India"
        },
        "payment_id": "pay_PhJ9o4ZuRJf36R"
    }
},
{
    "model": "api.order",
    "pk": "3c14c950-cc54-4d80-94bd-b694db211c94",
    "fields": {
        "user": [
            "test2"
        ],
        "created_at": "2025-01-11T10:19:35.679Z",
        "status": "pending",
        "address": {
            "phone": "9072827658",
            "street_address": "Pilakkoth House, Manakkadave, Pantheerankave P O",
            "pincode": "673019",
            "city": "Kozhikode",
            "state": "Kerala",
            "country": "India"
        },
        "payment_id": "order_Pi6JibERSRKUkK"
    }
},
{
    "model": "api.order",
    "pk": "4304416a-b7ad-462a-8f24-6672c49576dd",
    "fields": {
        "user": [
            "test2"
        ],
        "created_at": "2025-01-08T16:50:33.300Z",
        "status": "pending",
        "address": {
            "phone": "9072827658",
            "street_address": "Pilakkoth House, Manakkadave, Pantheerankave P O",
            "pincode": "673019",
            "city": "Kozhikode",
            "state": "Kerala",
            "country": "India"
        },
        "payment_id": "order_Ph1NUuQYyaeklL"
    }
},
{
    "model": "api.order",
    "pk": "4c51037d-d814-45bf-8ffa-9b04bf87f4a8",
    "fields": {
        "user": [
            "dev1"
        ],
        "created_at": "2025-01-11T06:02:09.490Z",
        "status": "pending",
        "address": {
            "phone": "9072827658",
            "street_address": "Pilakkoth House, Manakkadave, Pantheerankave P O",
            "pincode": "673019",
            "city": "Kozhikode",
            "state": "Kerala",
            "country": "India"
        },
        "payment_id": "order_Pi1vkiNKErHovr"
    }
},
{
    "model": "api.order",
    "pk": "658a1d1c-b4e9-4c12-9ecb-38405fe21d10",
    "fields": {
        "user": [
            "test2"
        ],
        "created_at": "2025-01-09T10:12:22.153Z",
        "status": "pending",
        "address": {
            "phone": "9072827658",
            "street_address": "Pilakkoth House, Manakkadave, Pantheerankave P O",
            "pincode": "673019",
            "city": "Kozhikode",
            "state": "Kerala",
            "country": "India"
        },
        "payment_id": "pay_PhJ7bys5MwmZFd"
    }
},
{
    "model": "api.order",
    "pk": "6905eb78-549e-4210-84a3-722ca2c9be02",
    "fields": {
        "user": [
            "test2"
        ],
        "created_at": "2025-01-09T04:19:04.270Z",
        "status": "pending",
        "address": {
            "phone": "9072827658",
            "street_address": "Pilakkoth House, Manakkadave, Pantheerankave P O",
            "pincode": "673019",
            "city": "Kozhikode",
            "state": "Kerala",
            "country": "India"
        },
        "payment_id": "order_PhD6cLlHzYGDkB"
    }
},
{
    "model": "api.order",
    "pk": "6c0cd003-4217-4dcb-bf26-f90a981d61a9",
    "fields": {
        "user": [
            "test2"
        ],
        "created_at": "2025-01-08T16:27:39.374Z",
        "status": "pending",
        "address": {
            "street_address": "Pilakkoth House, Manakkadave, Pantheerankave P O",
            "pincode": "673019",
            "city": "Kozhikode",
            "state": "Kerala",
            "country": "India"
        },
        "payment_id": "order_Ph0zK8xNrJyPRr"
    }
},
{
    "model": "api.order",
    "pk": "74dcfb2b-7f19-429f-8cd3-c39f485191e3",
    "fields": {
        "user": [
            "test2"
        ],
        "created_at": "2025-01-08T16:42:28.079Z",
        "status": "pending",
        "address": {
            "phone": "9072827658",
            "street_address": "Pilakkoth House, Manakkadave, Pantheerankave P O",
            "pincode": "673019",
            "city": "Kozhikode",
            "state": "Kerala",
            "country": "India"
        },
        "payment_id": "order_Ph1ExJYUcZULN4"
    }
},
{
    "model": "api.order",
    "pk": "7b648613-20a5-4ca8-94f8-69f5e57f24c9",
    "fields": {
        "user": [
            "test2"
        ],
        "created_at": "2025-01-09T03:53:46.617Z",
        "status": "pending",
        "address": {
            "phone": "9072827658",
            "street_address": "Pilakkoth House, Manakkadave, Pantheerankave P O",
            "pincode": "673019",
            "city": "Kozhikode",
            "state": "Kerala",
            "country": "India"
        },
        "payment_id": "order_PhCfveCUw85SCv"
    }
},
{
    "model": "api.order",
    "pk": "92a60ee7-3c40-4d9c-b1ad-06354789be21",
    "fields": {
        "user": [
            "test2"
        ],
        "created_at": "2025-01-09T10:17:16.685Z",
        "status": "pending",
        "address": {
            "phone": "9072827658",
            "street_address": "Pilakkoth House, Manakkadave, Pantheerankave P O",
            "pincode": "673019",
            "city": "Kozhikode",
            "state": "Kerala",
            "country": "India"
        },
        "payment_id": "order_PhJD06OABZ9FiX"
    }
},
{
    "model": "api.order",
    "pk": "9dd55b38-1ce8-4394-8a30-370e2836cdfe",
    "fields": {
        "user": [
            "tset1"
        ],
        "created_at": "2025-01-11T03:58:13.740Z",
        "status": "pending",
        "address": {
            "phone": "1234789065",
            "street_address": "123 Street",
            "pincode": "102938",
            "city": "ABC City",
            "state": "DEF",
            "country": "HIJ"
        },
        "payment_id": "order_PhzoqTkXlFJOCL"
    }
},
{
    "model": "api.order",
    "pk": "bb2c390c-557c-405f-9676-d5f9a08bf58d",
    "fields": {
        "user": [
            "test2"
        ],
        "created_at": "2025-01-09T10:20:07.095Z",
        "status": "pending",
        "address": {
            "phone": "9072827658",
            "street_address": "Pilakkoth House, Manakkadave, Pantheerankave P O",
            "pincode": "673019",
            "city": "Kozhikode",
            "state": "Kerala",
            "country": "India"
        },
        "payment_id": "order_PhJG0E6BRWfjjM"
    }
},
{
    "model": "api.order",
    "pk": "c49a9038-3d54-4f38-b7a7-7f007b7e192b",
    "fields": {
        "user": [
            "dev1"
        ],
        "created_at": "2025-01-11T07:11:59.781Z",
        "status": "pending",
        "address": {
            "phone": "9072827658",
            "street_address": "Pilakkoth House, Manakkadave, Pantheerankave P O",
            "pincode": "673019",
            "city": "Kozhikode",
            "state": "Kerala",
            "country": "India"
        },
        "payment_id": "order_Pi37WfDLY7eCq5"
    }
},
{
    "model": "api.order",
    "pk": "e83488ec-8ab1-4a66-b730-0eaf8c5778c2",
    "fields": {
        "user": [
            "test2"
        ],
        "created_at": "2025-01-09T03:58:44.547Z",
        "status": "pending",
        "address": {
            "phone": "9072827658",
            "street_address": "Pilakkoth House, Manakkadave, Pantheerankave P O",
            "pincode": "673019",
            "city": "Kozhikode",
            "state": "Kerala",
            "country": "India"
        },
        "payment_id": "order_PhCl9Uzeb8HFLq"
    }
},
{
    "model": "api.order",
    "pk": "fc4d69a4-1a5f-4ec0-b4c0-5b47863d6c49",
    "fields": {
        "user": [
            "test2"
        ],
        "created_at": "2025-01-09T10:09:08.386Z",
        "status": "paid",
        "address": {
            "phone": "9072827658",
            "street_address": "Pilakkoth House, Manakkadave, Pantheerankave P O",
            "pincode": "673019",
            "city": "Kozhikode",
            "state": "Kerala",
            "country": "India"
        },
        "payment_id": "pay_PhJ4CT3GQRzn3I"
    }
},
{
    "model": "authtoken.token",
    "pk": "03d150bfd9118a244224f3f7412250850f372d04",
    "fields": {
        "user": [
            "test2"
        ],
        "created": "2025-01-02T09:30:08.557Z"
    }
},
{
    "model": "authtoken.token",
    "pk": "13e01e7cf1290fc1c3e708e78f5dd87bfd91bcaf",
    "fields": {
        "user": [
            "test3"
        ],
        "created": "2025-01-02T09:31:08.229Z"
    }
},
{
    "model": "authtoken.token",
    "pk": "42f7f04ade0112bd2fee8b662ad1208e532eb5c0",
    "fields": {
        "user": [
            "test4"
        ],
        "created": "2024-12-27T16:17:51.975Z"
    }
},
{
    "model": "authtoken.token",
    "pk": "d277a82c50301cf708cdcc71f4ca8aada4d06325",
    "fields": {
        "user": [
            "tset1"
        ],
        "created": "2024-12-27T16:17:18.691Z"
    }
},
{
    "model": "authtoken.token",
    "pk": "d4b9b2485a7f64fe020acb7ae4d9194c236573a8",
    "fields": {
        "user": [
            "test6"
        ],
        "created": "2024-12-27T16:25:22.749Z"
    }
},
{
    "model": "authtoken.token",
    "pk": "e1478f892406b9e97a63f3862c9757405c920eda",
    "fields": {
        "user": [
            "solestyle"
        ],
        "created": "2025-01-02T10:54:49.756Z"
    }
},
{
    "model": "admin.logentry",
    "pk": 1,
    "fields": {
        "action_time": "2024-12-26T05:36:41.686Z",
        "user": [
            "solestyle"
        ],
        "content_type": [
            "api",
            "user"
        ],
        "object_id": "2",
        "object_repr": "tset1",
        "action_flag": 1,
        "change_message": "[{\"added\": {}}]"
    }
},
{
    "model": "admin.logentry",
    "pk": 2,
    "fields": {
        "action_time": "2024-12-26T06:30:10.021Z",
        "user": [
            "solestyle"
        ],
        "content_type": [
            "api",
            "product"
        ],
        "object_id": "1",
        "object_repr": "Product 1",
        "action_flag": 1,
        "change_message": "[{\"added\": {}}]"
    }
},
{
    "model": "admin.logentry",
    "pk": 3,
    "fields": {
        "action_time": "2024-12-27T10:02:42.837Z",
        "user": [
            "solestyle"
        ],
        "content_type": [
            "authtoken",
            "tokenproxy"
        ],
        "object_id": "1",
        "object_repr": "de43ab9c3e85215e6cdf57a19ef641647eb061d7",
        "action_flag": 3,
        "change_message": ""
    }
},
{
    "model": "admin.logentry",
    "pk": 4,
    "fields": {
        "action_time": "2024-12-27T12:49:20.615Z",
        "user": [
            "solestyle"
        ],
        "content_type": [
            "api",
            "order"
        ],
        "object_id": "8ee415b1-6846-4952-8908-c42e41718401",
        "object_repr": "Order 8ee415b1-6846-4952-8908-c42e41718401 by test2",
        "action_flag": 1,
        "change_message": "[{\"added\": {}}, {\"added\": {\"name\": \"order item\", \"object\": \"3 x Product 8 in 8ee415b1-6846-4952-8908-c42e41718401\"}}]"
    }
},
{
    "model": "admin.logentry",
    "pk": 5,
    "fields": {
        "action_time": "2024-12-27T12:49:59.080Z",
        "user": [
            "solestyle"
        ],
        "content_type": [
            "api",
            "order"
        ],
        "object_id": "e3691c33-6c5d-461d-b8e0-37d89961ff64",
        "object_repr": "Order e3691c33-6c5d-461d-b8e0-37d89961ff64 by test4",
        "action_flag": 1,
        "change_message": "[{\"added\": {}}, {\"added\": {\"name\": \"order item\", \"object\": \"1 x Product 14 in e3691c33-6c5d-461d-b8e0-37d89961ff64\"}}, {\"added\": {\"name\": \"order item\", \"object\": \"2 x Product 10 in e3691c33-6c5d-461d-b8e0-37d89961ff64\"}}]"
    }
},
{
    "model": "admin.logentry",
    "pk": 6,
    "fields": {
        "action_time": "2025-01-08T05:40:06.425Z",
        "user": [
            "solestyle"
        ],
        "content_type": [
            "api",
            "user"
        ],
        "object_id": "3",
        "object_repr": "test2",
        "action_flag": 2,
        "change_message": "[{\"changed\": {\"fields\": [\"First name\"]}}]"
    }
},
{
    "model": "admin.logentry",
    "pk": 7,
    "fields": {
        "action_time": "2025-01-08T05:40:14.365Z",
        "user": [
            "solestyle"
        ],
        "content_type": [
            "api",
            "user"
        ],
        "object_id": "3",
        "object_repr": "test2",
        "action_flag": 2,
        "change_message": "[{\"changed\": {\"fields\": [\"Last name\"]}}]"
    }
},
{
    "model": "admin.logentry",
    "pk": 8,
    "fields": {
        "action_time": "2025-01-08T09:42:28.684Z",
        "user": [
            "solestyle"
        ],
        "content_type": [
            "api",
            "order"
        ],
        "object_id": "e3691c33-6c5d-461d-b8e0-37d89961ff64",
        "object_repr": "Order e3691c33-6c5d-461d-b8e0-37d89961ff64 by test4",
        "action_flag": 3,
        "change_message": ""
    }
},
{
    "model": "admin.logentry",
    "pk": 9,
    "fields": {
        "action_time": "2025-01-08T09:42:33.975Z",
        "user": [
            "solestyle"
        ],
        "content_type": [
            "api",
            "order"
        ],
        "object_id": "cf18cadc-9487-4618-8ef9-7536b8f1d534",
        "object_repr": "Order cf18cadc-9487-4618-8ef9-7536b8f1d534 by test2",
        "action_flag": 3,
        "change_message": ""
    }
},
{
    "model": "admin.logentry",
    "pk": 10,
    "fields": {
        "action_time": "2025-01-08T09:42:39.776Z",
        "user": [
            "solestyle"
        ],
        "content_type": [
            "api",
            "order"
        ],
        "object_id": "ca7ae896-32b3-4f92-8d7e-3a7937bdc774",
        "object_repr": "Order ca7ae896-32b3-4f92-8d7e-3a7937bdc774 by test2",
        "action_flag": 3,
        "change_message": ""
    }
},
{
    "model": "admin.logentry",
    "pk": 11,
    "fields": {
        "action_time": "2025-01-08T09:42:44.434Z",
        "user": [
            "solestyle"
        ],
        "content_type": [
            "api",
            "order"
        ],
        "object_id": "b479171a-d784-43b0-babb-cef9dffce0db",
        "object_repr": "Order b479171a-d784-43b0-babb-cef9dffce0db by test2",
        "action_flag": 3,
        "change_message": ""
    }
},
{
    "model": "admin.logentry",
    "pk": 12,
    "fields": {
        "action_time": "2025-01-08T09:42:48.941Z",
        "user": [
            "solestyle"
        ],
        "content_type": [
            "api",
            "order"
        ],
        "object_id": "8ee415b1-6846-4952-8908-c42e41718401",
        "object_repr": "Order 8ee415b1-6846-4952-8908-c42e41718401 by test2",
        "action_flag": 3,
        "change_message": ""
    }
},
{
    "model": "admin.logentry",
    "pk": 13,
    "fields": {
        "action_time": "2025-01-08T09:42:54.273Z",
        "user": [
            "solestyle"
        ],
        "content_type": [
            "api",
            "order"
        ],
        "object_id": "5478db0c-e1fd-4135-92a9-2456ff9dcd3e",
        "object_repr": "Order 5478db0c-e1fd-4135-92a9-2456ff9dcd3e by test2",
        "action_flag": 3,
        "change_message": ""
    }
},
{
    "model": "admin.logentry",
    "pk": 14,
    "fields": {
        "action_time": "2025-01-08T09:43:04.038Z",
        "user": [
            "solestyle"
        ],
        "content_type": [
            "api",
            "order"
        ],
        "object_id": "23fa4424-d522-4059-97a8-f2ffa9f507a2",
        "object_repr": "Order 23fa4424-d522-4059-97a8-f2ffa9f507a2 by test2",
        "action_flag": 3,
        "change_message": ""
    }
}
]
